{
  "location": "Amsterdam, Noord-Holland, Nederland",
  "coordinates": {
    "lat": 52.3730796,
    "lon": 4.8924534
  },
  "created_at": "2025-10-10T08:34:33.796410",
  "readings": [
    {
      "timestamp": "2025-10-10T06:00:00Z",
      "saved_at": "2025-10-10T08:34:33.796410",
      "temperature": 12.2,
      "pressure": 1030,
      "humidity": 96.6,
      "wind_speed": 3,
      "wind_direction": 278.5,
      "cloud_cover": 2.3,
      "precipitation_mm": 0,
      "precipitation_probability": 0,
      "symbol_code": "clearsky_day"
    }
  ],
  "metadata": {
    "total_readings": 1,
    "first_reading": "2025-10-10T08:34:33.796410",
    "last_reading": "2025-10-10T08:34:33.796410"
  }
}