{
  "location": "Bergen, Vestland, Norge",
  "coordinates": {
    "lat": 60.3943055,
    "lon": 5.3259192
  },
  "created_at": "2025-10-10T08:34:52.979584",
  "readings": [
    {
      "timestamp": "2025-10-10T06:00:00Z",
      "saved_at": "2025-10-10T08:34:52.979584",
      "temperature": 10.6,
      "pressure": 1016.2,
      "humidity": 97.1,
      "wind_speed": 6.2,
      "wind_direction": 272.1,
      "cloud_cover": 100,
      "precipitation_mm": 0.2,
      "precipitation_probability": 0,
      "symbol_code": "lightrain"
    },
    {
      "timestamp": "2025-10-10T07:00:00Z",
      "saved_at": "2025-10-10T09:29:46.742550",
      "temperature": 12.2,
      "pressure": 1016.8,
      "humidity": 97.2,
      "wind_speed": 5.7,
      "wind_direction": 274.3,
      "cloud_cover": 100,
      "precipitation_mm": 0.2,
      "precipitation_probability": 0,
      "symbol_code": "lightrain"
    },
    {
      "timestamp": "2025-10-10T07:00:00Z",
      "saved_at": "2025-10-10T09:39:05.076154",
      "temperature": 12.2,
      "pressure": 1016.8,
      "humidity": 97.2,
      "wind_speed": 5.7,
      "wind_direction": 274.3,
      "cloud_cover": 100,
      "precipitation_mm": 0.2,
      "precipitation_probability": 0,
      "symbol_code": "lightrain"
    },
    {
      "timestamp": "2025-10-10T07:00:00Z",
      "saved_at": "2025-10-10T09:55:03.562448",
      "temperature": 12.2,
      "pressure": 1016.8,
      "humidity": 97.2,
      "wind_speed": 5.7,
      "wind_direction": 274.3,
      "cloud_cover": 100,
      "precipitation_mm": 0.2,
      "precipitation_probability": 0,
      "symbol_code": "lightrain"
    }
  ],
  "metadata": {
    "total_readings": 4,
    "first_reading": "2025-10-10T08:34:52.979584",
    "last_reading": "2025-10-10T09:55:03.562448"
  }
}