{
  "location": "Ciudad de M\u00e9xico, M\u00e9xico",
  "coordinates": {
    "lat": 19.3207722,
    "lon": -99.1514678
  },
  "created_at": "2025-10-11T18:31:02.212195",
  "readings": [
    {
      "timestamp": "2025-10-11T16:00:00Z",
      "saved_at": "2025-10-11T18:31:02.212195",
      "temperature": 16.5,
      "pressure": 1020.5,
      "humidity": 75.2,
      "wind_speed": 3.3,
      "wind_direction": 30.4,
      "cloud_cover": 94.5,
      "precipitation_mm": 0,
      "precipitation_probability": 0,
      "symbol_code": "cloudy"
    },
    {
      "timestamp": "2025-10-11T16:00:00Z",
      "saved_at": "2025-10-11T18:36:56.497702",
      "temperature": 16.5,
      "pressure": 1020.5,
      "humidity": 75.2,
      "wind_speed": 3.3,
      "wind_direction": 30.4,
      "cloud_cover": 94.5,
      "precipitation_mm": 0,
      "precipitation_probability": 0,
      "symbol_code": "cloudy"
    }
  ],
  "metadata": {
    "total_readings": 2,
    "first_reading": "2025-10-11T18:31:02.212195",
    "last_reading": "2025-10-11T18:36:56.497702"
  }
}