{
  "location": "Ciudad de M\u00e9xico, Cuauht\u00e9moc, Ciudad de M\u00e9xico, M\u00e9xico",
  "coordinates": {
    "lat": 19.4326296,
    "lon": -99.1331785
  },
  "created_at": "2025-10-15T12:06:19.105379",
  "readings": [
    {
      "timestamp": "2025-10-15T09:00:00Z",
      "saved_at": "2025-10-15T12:06:19.105379",
      "temperature": 11.6,
      "pressure": 1030.1,
      "humidity": 85.1,
      "wind_speed": 2.8,
      "wind_direction": 12.5,
      "cloud_cover": 100,
      "precipitation_mm": 0,
      "precipitation_probability": 0,
      "symbol_code": "cloudy"
    }
  ],
  "metadata": {
    "total_readings": 1,
    "first_reading": "2025-10-15T12:06:19.105379",
    "last_reading": "2025-10-15T12:06:19.105379"
  }
}