{
  "location": "Den Haag, Zuid-Holland, Nederland",
  "coordinates": {
    "lat": 52.0749456,
    "lon": 4.2696802
  },
  "created_at": "2025-10-10T08:22:00.533458",
  "readings": [
    {
      "timestamp": "2025-10-10T06:00:00Z",
      "saved_at": "2025-10-10T08:22:00.533458",
      "temperature": 14.2,
      "pressure": 1030.4,
      "humidity": 90.6,
      "wind_speed": 5,
      "wind_direction": 286.9,
      "cloud_cover": 15.6,
      "precipitation_mm": 0,
      "precipitation_probability": 0,
      "symbol_code": "fair_day"
    }
  ],
  "metadata": {
    "total_readings": 1,
    "first_reading": "2025-10-10T08:22:00.533458",
    "last_reading": "2025-10-10T08:22:00.533458"
  }
}