{
  "location": "Kristianstad, Sweden",
  "coordinates": {
    "lat": 56.0278,
    "lon": 14.1506
  },
  "created_at": "2025-10-10T08:14:03.755776",
  "readings": [
    {
      "timestamp": "2025-10-10T06:00:00Z",
      "saved_at": "2025-10-10T08:14:03.755776",
      "temperature": 10,
      "pressure": 1017.8,
      "humidity": 75.2,
      "wind_speed": 3.4,
      "wind_direction": 295,
      "cloud_cover": 99.4,
      "precipitation_mm": 0,
      "precipitation_probability": 0,
      "symbol_code": "cloudy"
    },
    {
      "timestamp": "2025-10-10T06:00:00Z",
      "saved_at": "2025-10-10T08:21:33.389146",
      "temperature": 10,
      "pressure": 1017.8,
      "humidity": 75.2,
      "wind_speed": 3.4,
      "wind_direction": 295,
      "cloud_cover": 99.4,
      "precipitation_mm": 0,
      "precipitation_probability": 0,
      "symbol_code": "cloudy"
    },
    {
      "timestamp": "2025-10-10T06:00:00Z",
      "saved_at": "2025-10-10T08:53:51.663944",
      "temperature": 9.7,
      "pressure": 1017.7,
      "humidity": 82.4,
      "wind_speed": 2.3,
      "wind_direction": 259.9,
      "cloud_cover": 98.1,
      "precipitation_mm": 0,
      "precipitation_probability": 0,
      "symbol_code": "cloudy"
    },
    {
      "timestamp": "2025-10-10T06:00:00Z",
      "saved_at": "2025-10-10T09:01:46.110538",
      "temperature": 9.7,
      "pressure": 1017.7,
      "humidity": 82.4,
      "wind_speed": 2.3,
      "wind_direction": 259.9,
      "cloud_cover": 98.1,
      "precipitation_mm": 0,
      "precipitation_probability": 0,
      "symbol_code": "cloudy"
    },
    {
      "timestamp": "2025-10-10T06:00:00Z",
      "saved_at": "2025-10-10T09:08:26.777412",
      "temperature": 9.7,
      "pressure": 1017.7,
      "humidity": 82.4,
      "wind_speed": 2.3,
      "wind_direction": 259.9,
      "cloud_cover": 98.1,
      "precipitation_mm": 0,
      "precipitation_probability": 0,
      "symbol_code": "cloudy"
    },
    {
      "timestamp": "2025-10-10T06:00:00Z",
      "saved_at": "2025-10-10T09:12:44.576096",
      "temperature": 9.7,
      "pressure": 1017.7,
      "humidity": 82.4,
      "wind_speed": 2.3,
      "wind_direction": 259.9,
      "cloud_cover": 98.1,
      "precipitation_mm": 0,
      "precipitation_probability": 0,
      "symbol_code": "cloudy"
    },
    {
      "timestamp": "2025-10-10T06:00:00Z",
      "saved_at": "2025-10-10T09:14:21.306963",
      "temperature": 9.7,
      "pressure": 1017.7,
      "humidity": 82.4,
      "wind_speed": 2.3,
      "wind_direction": 259.9,
      "cloud_cover": 98.1,
      "precipitation_mm": 0,
      "precipitation_probability": 0,
      "symbol_code": "cloudy"
    },
    {
      "timestamp": "2025-10-10T06:00:00Z",
      "saved_at": "2025-10-10T09:14:46.826547",
      "temperature": 9.7,
      "pressure": 1017.7,
      "humidity": 82.4,
      "wind_speed": 2.3,
      "wind_direction": 259.9,
      "cloud_cover": 98.1,
      "precipitation_mm": 0,
      "precipitation_probability": 0,
      "symbol_code": "cloudy"
    },
    {
      "timestamp": "2025-10-10T06:00:00Z",
      "saved_at": "2025-10-10T09:19:02.806852",
      "temperature": 9.7,
      "pressure": 1017.7,
      "humidity": 82.4,
      "wind_speed": 2.3,
      "wind_direction": 259.9,
      "cloud_cover": 98.1,
      "precipitation_mm": 0,
      "precipitation_probability": 0,
      "symbol_code": "cloudy"
    },
    {
      "timestamp": "2025-10-10T07:00:00Z",
      "saved_at": "2025-10-10T09:36:32.700170",
      "temperature": 10.5,
      "pressure": 1018.6,
      "humidity": 77.9,
      "wind_speed": 3.2,
      "wind_direction": 280.8,
      "cloud_cover": 99,
      "precipitation_mm": 0,
      "precipitation_probability": 0,
      "symbol_code": "cloudy"
    },
    {
      "timestamp": "2025-10-10T07:00:00Z",
      "saved_at": "2025-10-10T09:38:19.285560",
      "temperature": 10.5,
      "pressure": 1018.6,
      "humidity": 77.9,
      "wind_speed": 3.2,
      "wind_direction": 280.8,
      "cloud_cover": 99,
      "precipitation_mm": 0,
      "precipitation_probability": 0,
      "symbol_code": "cloudy"
    },
    {
      "timestamp": "2025-10-10T07:00:00Z",
      "saved_at": "2025-10-10T09:41:36.222146",
      "temperature": 10.5,
      "pressure": 1018.6,
      "humidity": 77.9,
      "wind_speed": 3.2,
      "wind_direction": 280.8,
      "cloud_cover": 99,
      "precipitation_mm": 0,
      "precipitation_probability": 0,
      "symbol_code": "cloudy"
    },
    {
      "timestamp": "2025-10-10T07:00:00Z",
      "saved_at": "2025-10-10T09:45:17.489502",
      "temperature": 10.5,
      "pressure": 1018.6,
      "humidity": 77.9,
      "wind_speed": 3.2,
      "wind_direction": 280.8,
      "cloud_cover": 99,
      "precipitation_mm": 0,
      "precipitation_probability": 0,
      "symbol_code": "cloudy"
    },
    {
      "timestamp": "2025-10-10T07:00:00Z",
      "saved_at": "2025-10-10T09:49:01.231989",
      "temperature": 10.5,
      "pressure": 1018.6,
      "humidity": 77.9,
      "wind_speed": 3.2,
      "wind_direction": 280.8,
      "cloud_cover": 99,
      "precipitation_mm": 0,
      "precipitation_probability": 0,
      "symbol_code": "cloudy"
    },
    {
      "timestamp": "2025-10-10T07:00:00Z",
      "saved_at": "2025-10-10T09:54:44.066400",
      "temperature": 10.5,
      "pressure": 1018.6,
      "humidity": 77.9,
      "wind_speed": 3.2,
      "wind_direction": 280.8,
      "cloud_cover": 99,
      "precipitation_mm": 0,
      "precipitation_probability": 0,
      "symbol_code": "cloudy"
    },
    {
      "timestamp": "2025-10-10T09:00:00Z",
      "saved_at": "2025-10-10T11:58:35.013365",
      "temperature": 13.2,
      "pressure": 1019.3,
      "humidity": 70.6,
      "wind_speed": 5.5,
      "wind_direction": 297.7,
      "cloud_cover": 61.6,
      "precipitation_mm": 0,
      "precipitation_probability": 0,
      "symbol_code": "partlycloudy_day"
    },
    {
      "timestamp": "2025-10-10T09:00:00Z",
      "saved_at": "2025-10-10T12:02:21.482794",
      "temperature": 13.2,
      "pressure": 1019.3,
      "humidity": 70.6,
      "wind_speed": 5.5,
      "wind_direction": 297.7,
      "cloud_cover": 61.6,
      "precipitation_mm": 0,
      "precipitation_probability": 0,
      "symbol_code": "partlycloudy_day"
    },
    {
      "timestamp": "2025-10-10T09:00:00Z",
      "saved_at": "2025-10-10T12:13:00.414819",
      "temperature": 13.2,
      "pressure": 1019.3,
      "humidity": 70.6,
      "wind_speed": 5.5,
      "wind_direction": 297.7,
      "cloud_cover": 61.6,
      "precipitation_mm": 0,
      "precipitation_probability": 0,
      "symbol_code": "partlycloudy_day"
    },
    {
      "timestamp": "2025-10-10T17:00:00Z",
      "saved_at": "2025-10-10T19:30:13.802348",
      "temperature": 14.3,
      "pressure": 1020.1,
      "humidity": 82.9,
      "wind_speed": 7.8,
      "wind_direction": 290.9,
      "cloud_cover": 100,
      "precipitation_mm": 0,
      "precipitation_probability": 0,
      "symbol_code": "cloudy"
    },
    {
      "timestamp": "2025-10-10T17:00:00Z",
      "saved_at": "2025-10-10T19:38:23.318998",
      "temperature": 14.3,
      "pressure": 1020.1,
      "humidity": 82.9,
      "wind_speed": 7.8,
      "wind_direction": 290.9,
      "cloud_cover": 100,
      "precipitation_mm": 0,
      "precipitation_probability": 0,
      "symbol_code": "cloudy"
    },
    {
      "timestamp": "2025-10-10T17:00:00Z",
      "saved_at": "2025-10-10T19:44:14.365858",
      "temperature": 14.3,
      "pressure": 1020.1,
      "humidity": 82.9,
      "wind_speed": 7.8,
      "wind_direction": 290.9,
      "cloud_cover": 100,
      "precipitation_mm": 0,
      "precipitation_probability": 0,
      "symbol_code": "cloudy"
    },
    {
      "timestamp": "2025-10-10T17:00:00Z",
      "saved_at": "2025-10-10T19:46:49.166851",
      "temperature": 14.3,
      "pressure": 1020.1,
      "humidity": 82.9,
      "wind_speed": 7.8,
      "wind_direction": 290.9,
      "cloud_cover": 100,
      "precipitation_mm": 0,
      "precipitation_probability": 0,
      "symbol_code": "cloudy"
    },
    {
      "timestamp": "2025-10-10T17:00:00Z",
      "saved_at": "2025-10-10T19:55:06.068535",
      "temperature": 14.3,
      "pressure": 1020.1,
      "humidity": 82.9,
      "wind_speed": 7.8,
      "wind_direction": 290.9,
      "cloud_cover": 100,
      "precipitation_mm": 0,
      "precipitation_probability": 0,
      "symbol_code": "cloudy"
    },
    {
      "timestamp": "2025-10-11T16:00:00Z",
      "saved_at": "2025-10-11T18:01:08.805992",
      "temperature": 14.6,
      "pressure": 1023,
      "humidity": 72,
      "wind_speed": 5.7,
      "wind_direction": 293.6,
      "cloud_cover": 7.4,
      "precipitation_mm": 0,
      "precipitation_probability": 0,
      "symbol_code": "clearsky_night"
    },
    {
      "timestamp": "2025-10-11T16:00:00Z",
      "saved_at": "2025-10-11T18:23:24.782603",
      "temperature": 14.6,
      "pressure": 1023,
      "humidity": 72,
      "wind_speed": 5.7,
      "wind_direction": 293.6,
      "cloud_cover": 7.4,
      "precipitation_mm": 0,
      "precipitation_probability": 0,
      "symbol_code": "clearsky_night"
    },
    {
      "timestamp": "2025-10-11T16:00:00Z",
      "saved_at": "2025-10-11T18:29:46.310346",
      "temperature": 14.6,
      "pressure": 1023,
      "humidity": 72,
      "wind_speed": 5.7,
      "wind_direction": 293.6,
      "cloud_cover": 7.4,
      "precipitation_mm": 0,
      "precipitation_probability": 0,
      "symbol_code": "clearsky_night"
    },
    {
      "timestamp": "2025-10-13T07:00:00Z",
      "saved_at": "2025-10-13T09:35:53.960237",
      "temperature": 2.8,
      "pressure": 1026.8,
      "humidity": 88.1,
      "wind_speed": 2.5,
      "wind_direction": 312.2,
      "cloud_cover": 1.1,
      "precipitation_mm": 0,
      "precipitation_probability": 0,
      "symbol_code": "clearsky_day"
    },
    {
      "timestamp": "2025-10-13T08:00:00Z",
      "saved_at": "2025-10-13T10:36:19.185959",
      "temperature": 4.7,
      "pressure": 1026.6,
      "humidity": 78,
      "wind_speed": 3.1,
      "wind_direction": 314.7,
      "cloud_cover": 25.1,
      "precipitation_mm": 0,
      "precipitation_probability": 0,
      "symbol_code": "fair_day"
    },
    {
      "timestamp": "2025-10-13T08:00:00Z",
      "saved_at": "2025-10-13T11:05:05.842384",
      "temperature": 4.7,
      "pressure": 1026.6,
      "humidity": 78,
      "wind_speed": 3.1,
      "wind_direction": 314.7,
      "cloud_cover": 25.1,
      "precipitation_mm": 0,
      "precipitation_probability": 0,
      "symbol_code": "fair_day"
    },
    {
      "timestamp": "2025-10-13T09:00:00Z",
      "saved_at": "2025-10-13T11:29:36.497714",
      "temperature": 7.4,
      "pressure": 1026.4,
      "humidity": 67.8,
      "wind_speed": 3.3,
      "wind_direction": 317.7,
      "cloud_cover": 10.3,
      "precipitation_mm": 0,
      "precipitation_probability": 0,
      "symbol_code": "clearsky_day"
    },
    {
      "timestamp": "2025-10-13T09:00:00Z",
      "saved_at": "2025-10-13T11:44:58.322971",
      "temperature": 7.4,
      "pressure": 1026.4,
      "humidity": 67.8,
      "wind_speed": 3.3,
      "wind_direction": 317.7,
      "cloud_cover": 10.3,
      "precipitation_mm": 0,
      "precipitation_probability": 0,
      "symbol_code": "clearsky_day"
    },
    {
      "timestamp": "2025-10-14T10:00:00Z",
      "saved_at": "2025-10-14T12:28:30.402338",
      "temperature": 11,
      "pressure": 1022.8,
      "humidity": 80.2,
      "wind_speed": 1.2,
      "wind_direction": 73.8,
      "cloud_cover": 99.7,
      "precipitation_mm": 0,
      "precipitation_probability": 0,
      "symbol_code": "cloudy"
    },
    {
      "timestamp": "2025-10-14T11:00:00Z",
      "saved_at": "2025-10-14T13:11:57.585805",
      "temperature": 11.4,
      "pressure": 1023,
      "humidity": 78.4,
      "wind_speed": 1,
      "wind_direction": 31.4,
      "cloud_cover": 100,
      "precipitation_mm": 0,
      "precipitation_probability": 0,
      "symbol_code": "cloudy"
    },
    {
      "timestamp": "2025-10-14T11:00:00Z",
      "saved_at": "2025-10-14T13:21:09.459022",
      "temperature": 11.4,
      "pressure": 1023,
      "humidity": 78.4,
      "wind_speed": 1,
      "wind_direction": 31.4,
      "cloud_cover": 100,
      "precipitation_mm": 0,
      "precipitation_probability": 0,
      "symbol_code": "cloudy"
    },
    {
      "timestamp": "2025-10-14T11:00:00Z",
      "saved_at": "2025-10-14T13:29:11.535531",
      "temperature": 11.4,
      "pressure": 1023,
      "humidity": 78.4,
      "wind_speed": 1,
      "wind_direction": 31.4,
      "cloud_cover": 100,
      "precipitation_mm": 0,
      "precipitation_probability": 0,
      "symbol_code": "cloudy"
    },
    {
      "timestamp": "2025-10-14T11:00:00Z",
      "saved_at": "2025-10-14T13:44:17.039623",
      "temperature": 11.8,
      "pressure": 1023,
      "humidity": 78.4,
      "wind_speed": 1,
      "wind_direction": 31.4,
      "cloud_cover": 100,
      "precipitation_mm": 0,
      "precipitation_probability": 0,
      "symbol_code": "cloudy"
    },
    {
      "timestamp": "2025-10-14T11:00:00Z",
      "saved_at": "2025-10-14T14:02:32.786822",
      "temperature": 11.8,
      "pressure": 1023,
      "humidity": 78.4,
      "wind_speed": 1,
      "wind_direction": 31.4,
      "cloud_cover": 100,
      "precipitation_mm": 0,
      "precipitation_probability": 0,
      "symbol_code": "cloudy"
    },
    {
      "timestamp": "2025-10-14T11:00:00Z",
      "saved_at": "2025-10-14T14:09:40.943782",
      "temperature": 11.8,
      "pressure": 1023,
      "humidity": 78.4,
      "wind_speed": 1,
      "wind_direction": 31.4,
      "cloud_cover": 100,
      "precipitation_mm": 0,
      "precipitation_probability": 0,
      "symbol_code": "cloudy"
    },
    {
      "timestamp": "2025-10-15T09:00:00Z",
      "saved_at": "2025-10-15T11:50:25.381639",
      "temperature": 11.6,
      "pressure": 1030.1,
      "humidity": 85.1,
      "wind_speed": 2.8,
      "wind_direction": 12.5,
      "cloud_cover": 100,
      "precipitation_mm": 0,
      "precipitation_probability": 0,
      "symbol_code": "cloudy"
    },
    {
      "timestamp": "2025-10-15T09:00:00Z",
      "saved_at": "2025-10-15T12:06:12.567837",
      "temperature": 11.6,
      "pressure": 1030.1,
      "humidity": 85.1,
      "wind_speed": 2.8,
      "wind_direction": 12.5,
      "cloud_cover": 100,
      "precipitation_mm": 0,
      "precipitation_probability": 0,
      "symbol_code": "cloudy"
    },
    {
      "timestamp": "2025-10-15T09:00:00Z",
      "saved_at": "2025-10-15T12:07:46.199253",
      "temperature": 11.6,
      "pressure": 1030.1,
      "humidity": 85.1,
      "wind_speed": 2.8,
      "wind_direction": 12.5,
      "cloud_cover": 100,
      "precipitation_mm": 0,
      "precipitation_probability": 0,
      "symbol_code": "cloudy"
    },
    {
      "timestamp": "2025-10-15T09:00:00Z",
      "saved_at": "2025-10-15T12:09:16.582474",
      "temperature": 11.6,
      "pressure": 1030.1,
      "humidity": 85.1,
      "wind_speed": 2.8,
      "wind_direction": 12.5,
      "cloud_cover": 100,
      "precipitation_mm": 0,
      "precipitation_probability": 0,
      "symbol_code": "cloudy"
    },
    {
      "timestamp": "2025-10-15T09:00:00Z",
      "saved_at": "2025-10-15T12:10:16.834836",
      "temperature": 11.6,
      "pressure": 1030.1,
      "humidity": 85.1,
      "wind_speed": 2.8,
      "wind_direction": 12.5,
      "cloud_cover": 100,
      "precipitation_mm": 0,
      "precipitation_probability": 0,
      "symbol_code": "cloudy"
    }
  ],
  "metadata": {
    "total_readings": 43,
    "first_reading": "2025-10-10T08:14:03.755776",
    "last_reading": "2025-10-15T12:10:16.834836"
  }
}