{
  "location": "London, UK",
  "coordinates": {
    "lat": 51.5074,
    "lon": -0.1278
  },
  "created_at": "2025-10-15T11:20:13.107907",
  "readings": [
    {
      "timestamp": "2025-10-15T09:00:00Z",
      "saved_at": "2025-10-15T11:20:13.107907",
      "temperature": 11.6,
      "pressure": 1030.1,
      "humidity": 85.1,
      "wind_speed": 2.8,
      "wind_direction": 12.5,
      "cloud_cover": 100,
      "precipitation_mm": 0,
      "precipitation_probability": 0,
      "symbol_code": "cloudy"
    },
    {
      "timestamp": "2025-10-15T09:00:00Z",
      "saved_at": "2025-10-15T11:24:45.665507",
      "temperature": 11.6,
      "pressure": 1030.1,
      "humidity": 85.1,
      "wind_speed": 2.8,
      "wind_direction": 12.5,
      "cloud_cover": 100,
      "precipitation_mm": 0,
      "precipitation_probability": 0,
      "symbol_code": "cloudy"
    }
  ],
  "metadata": {
    "total_readings": 2,
    "first_reading": "2025-10-15T11:20:13.107907",
    "last_reading": "2025-10-15T11:24:45.665507"
  }
}