{
  "location": "M\u00e9xico",
  "coordinates": {
    "lat": 23.6585116,
    "lon": -102.0077097
  },
  "created_at": "2025-10-13T11:29:48.659645",
  "readings": [
    {
      "timestamp": "2025-10-13T09:00:00Z",
      "saved_at": "2025-10-13T11:29:48.659645",
      "temperature": 14.2,
      "pressure": 1014,
      "humidity": 95,
      "wind_speed": 6.6,
      "wind_direction": 141,
      "cloud_cover": 0,
      "precipitation_mm": 0,
      "precipitation_probability": 0,
      "symbol_code": "clearsky_night"
    },
    {
      "timestamp": "2025-10-14T11:00:00Z",
      "saved_at": "2025-10-14T13:29:16.571098",
      "temperature": 13.8,
      "pressure": 1017.8,
      "humidity": 93.8,
      "wind_speed": 6,
      "wind_direction": 155.8,
      "cloud_cover": 60.2,
      "precipitation_mm": 0,
      "precipitation_probability": 0,
      "symbol_code": "partlycloudy_night"
    }
  ],
  "metadata": {
    "total_readings": 2,
    "first_reading": "2025-10-13T11:29:48.659645",
    "last_reading": "2025-10-14T13:29:16.571098"
  }
}