{
  "location": "Paris, \u00cele-de-France, France m\u00e9tropolitaine, France",
  "coordinates": {
    "lat": 48.8534951,
    "lon": 2.3483915
  },
  "created_at": "2025-10-10T09:41:48.006174",
  "readings": [
    {
      "timestamp": "2025-10-10T07:00:00Z",
      "saved_at": "2025-10-10T09:41:48.006174",
      "temperature": 9.9,
      "pressure": 1032.7,
      "humidity": 95.5,
      "wind_speed": 2.3,
      "wind_direction": 12.9,
      "cloud_cover": 25,
      "precipitation_mm": 0,
      "precipitation_probability": 0,
      "symbol_code": "fair_day"
    },
    {
      "timestamp": "2025-10-15T09:00:00Z",
      "saved_at": "2025-10-15T12:07:56.367740",
      "temperature": 11.6,
      "pressure": 1030.1,
      "humidity": 85.1,
      "wind_speed": 2.8,
      "wind_direction": 12.5,
      "cloud_cover": 100,
      "precipitation_mm": 0,
      "precipitation_probability": 0,
      "symbol_code": "cloudy"
    },
    {
      "timestamp": "2025-10-15T09:00:00Z",
      "saved_at": "2025-10-15T12:10:29.368642",
      "temperature": 11.6,
      "pressure": 1030.1,
      "humidity": 85.1,
      "wind_speed": 2.8,
      "wind_direction": 12.5,
      "cloud_cover": 100,
      "precipitation_mm": 0,
      "precipitation_probability": 0,
      "symbol_code": "cloudy"
    }
  ],
  "metadata": {
    "total_readings": 3,
    "first_reading": "2025-10-10T09:41:48.006174",
    "last_reading": "2025-10-15T12:10:29.368642"
  }
}