{
  "location": "Rotterdam, Zuid-Holland, Nederland",
  "coordinates": {
    "lat": 51.9244424,
    "lon": 4.47775
  },
  "created_at": "2025-10-09T23:04:32.253305",
  "readings": [
    {
      "timestamp": "2025-10-09T21:00:00Z",
      "saved_at": "2025-10-09T23:04:32.253305",
      "temperature": 13.5,
      "pressure": 1028.7,
      "humidity": 86.6,
      "wind_speed": 2.1,
      "wind_direction": 248.1,
      "cloud_cover": 100,
      "precipitation_mm": 0,
      "precipitation_probability": 0,
      "symbol_code": "cloudy"
    }
  ],
  "metadata": {
    "total_readings": 1,
    "first_reading": "2025-10-09T23:04:32.253305",
    "last_reading": "2025-10-09T23:04:32.253305"
  }
}