{
  "location": "Town of Rotterdam, Schenectady County, New York, United States",
  "coordinates": {
    "lat": 42.786763,
    "lon": -73.9720982
  },
  "created_at": "2025-10-10T11:51:49.453950",
  "readings": [
    {
      "timestamp": "2025-10-10T09:00:00Z",
      "saved_at": "2025-10-10T11:51:49.453950",
      "temperature": 2.9,
      "pressure": 1033.1,
      "humidity": 71.2,
      "wind_speed": 0.6,
      "wind_direction": 289.5,
      "cloud_cover": 0,
      "precipitation_mm": 0,
      "precipitation_probability": 0,
      "symbol_code": "clearsky_night"
    }
  ],
  "metadata": {
    "total_readings": 1,
    "first_reading": "2025-10-10T11:51:49.453950",
    "last_reading": "2025-10-10T11:51:49.453950"
  }
}