{
  "location": "Zoetermeer, Zuid-Holland, Nederland",
  "coordinates": {
    "lat": 52.0622531,
    "lon": 4.4901218
  },
  "created_at": "2025-10-11T18:11:07.121935",
  "readings": [
    {
      "timestamp": "2025-10-11T16:00:00Z",
      "saved_at": "2025-10-11T18:11:07.121935",
      "temperature": 15.3,
      "pressure": 1033,
      "humidity": 78.9,
      "wind_speed": 2,
      "wind_direction": 327.7,
      "cloud_cover": 75.8,
      "precipitation_mm": 0,
      "precipitation_probability": 0,
      "symbol_code": "partlycloudy_day"
    }
  ],
  "metadata": {
    "total_readings": 1,
    "first_reading": "2025-10-11T18:11:07.121935",
    "last_reading": "2025-10-11T18:11:07.121935"
  }
}