{
  "location": "\u6771\u4eac\u90fd, \u65e5\u672c",
  "coordinates": {
    "lat": 35.6768601,
    "lon": 139.7638947
  },
  "created_at": "2025-10-14T13:21:19.864239",
  "readings": [
    {
      "timestamp": "2025-10-14T11:00:00Z",
      "saved_at": "2025-10-14T13:21:19.864239",
      "temperature": 18.3,
      "pressure": 1020.2,
      "humidity": 82.3,
      "wind_speed": 4.1,
      "wind_direction": 17.5,
      "cloud_cover": 100,
      "precipitation_mm": 0,
      "precipitation_probability": 0,
      "symbol_code": "cloudy"
    }
  ],
  "metadata": {
    "total_readings": 1,
    "first_reading": "2025-10-14T13:21:19.864239",
    "last_reading": "2025-10-14T13:21:19.864239"
  }
}