{
  "paris": {
    "lat": 48.8588897,
    "lon": 2.320041,
    "display_name": "Paris, \u00cele-de-France, France m\u00e9tropolitaine, France",
    "country": "France",
    "city": "Paris",
    "state": "\u00cele-de-France",
    "source": "nominatim",
    "cached_at": 1759617733.8419352
  },
  "london": {
    "lat": 51.4893335,
    "lon": -0.1440551,
    "display_name": "London, Greater London, England, United Kingdom",
    "country": "United Kingdom",
    "city": "London",
    "state": "England",
    "source": "nominatim",
    "cached_at": 1759617734.6908667
  },
  "berlin": {
    "lat": 52.5173885,
    "lon": 13.3951309,
    "display_name": "Berlin, Deutschland",
    "country": "Deutschland",
    "city": "Berlin",
    "state": "",
    "source": "nominatim",
    "cached_at": 1759617735.6837823
  },
  "tokyo": {
    "lat": 35.6768601,
    "lon": 139.7638947,
    "display_name": "\u6771\u4eac\u90fd, \u65e5\u672c",
    "country": "\u65e5\u672c",
    "city": "Tokyo",
    "state": "",
    "source": "nominatim",
    "cached_at": 1759617736.609504
  },
  "kristianstad": {
    "lat": 56.0293778,
    "lon": 14.1566859,
    "display_name": "Kristianstad, Kristianstads kommun, Sk\u00e5ne l\u00e4n, 291 30, Sverige",
    "country": "Sverige",
    "city": "Kristianstad",
    "state": "",
    "source": "nominatim",
    "cached_at": 1759618518.463445
  },
  "the hauge": {
    "lat": 35.9930304,
    "lon": -84.8502865,
    "display_name": "Hauge Court, Lake Pomeroy, Cumberland County, East Tennessee, Tennessee, 38558, United States",
    "country": "United States",
    "city": "The hauge",
    "state": "Tennessee",
    "source": "nominatim",
    "cached_at": 1759619129.6149135
  },
  "who are you?": {
    "lat": 48.8691323,
    "lon": 2.3221261,
    "display_name": "Who are You, Rue Boissy d'Anglas, Quartier de la Madeleine, Paris 8e Arrondissement, Paris, France m\u00e9tropolitaine, 75008, France",
    "country": "France",
    "city": "Paris",
    "state": "",
    "source": "nominatim",
    "cached_at": 1759619144.5041945
  }
}