[
  {
    "location": {
      "name": "Paris, Île-de-France, France métropolitaine, France",
      "lat": 48.8534951,
      "lon": 2.3483915
    },
    "current_weather": {
      "timestamp": "2025-10-15T10:00:00Z",
      "temperature": 14.2,
      "pressure": 1026.9,
      "humidity": 74.6,
      "wind_speed": 3.7,
      "wind_direction": 56.4,
      "cloud_cover": 69.5,
      "precipitation_mm": 0,
      "precipitation_probability": 0,
      "symbol_code": "partlycloudy_day"
    },
    "forecast": [
      {
        "timestamp": "2025-10-15T11:00:00Z",
        "temperature": 15.3,
        "pressure": 1026.5,
        "humidity": 66.3,
        "wind_speed": 3.8,
        "wind_direction": 62.1,
        "cloud_cover": 98.4,
        "precipitation_mm": 0,
        "precipitation_probability": 0,
        "symbol_code": "cloudy"
      },
      {
        "timestamp": "2025-10-15T12:00:00Z",
        "temperature": 15.9,
        "pressure": 1026.2,
        "humidity": 62.6,
        "wind_speed": 3.7,
        "wind_direction": 55.7,
        "cloud_cover": 100,
        "precipitation_mm": 0,
        "precipitation_probability": 0,
        "symbol_code": "cloudy"
      },
      {
        "timestamp": "2025-10-15T13:00:00Z",
        "temperature": 16.1,
        "pressure": 1025.5,
        "humidity": 62,
        "wind_speed": 3.6,
        "wind_direction": 46.9,
        "cloud_cover": 100,
        "precipitation_mm": 0,
        "precipitation_probability": 0,
        "symbol_code": "cloudy"
      },
      {
        "timestamp": "2025-10-15T14:00:00Z",
        "temperature": 15.9,
        "pressure": 1025.6,
        "humidity": 65.2,
        "wind_speed": 3.7,
        "wind_direction": 40.6,
        "cloud_cover": 100,
        "precipitation_mm": 0,
        "precipitation_probability": 0,
        "symbol_code": "cloudy"
      },
      {
        "timestamp": "2025-10-15T15:00:00Z",
        "temperature": 15.2,
        "pressure": 1025.4,
        "humidity": 70.4,
        "wind_speed": 3.7,
        "wind_direction": 35.5,
        "cloud_cover": 100,
        "precipitation_mm": 0,
        "precipitation_probability": 0,
        "symbol_code": "cloudy"
      },
      {
        "timestamp": "2025-10-15T16:00:00Z",
        "temperature": 14.9,
        "pressure": 1025.4,
        "humidity": 73.2,
        "wind_speed": 3.4,
        "wind_direction": 34.9,
        "cloud_cover": 100,
        "precipitation_mm": 0,
        "precipitation_probability": 0,
        "symbol_code": "cloudy"
      },
      {
        "timestamp": "2025-10-15T17:00:00Z",
        "temperature": 14.3,
        "pressure": 1025.3,
        "humidity": 75.9,
        "wind_speed": 2.9,
        "wind_direction": 26,
        "cloud_cover": 100,
        "precipitation_mm": 0,
        "precipitation_probability": 0,
        "symbol_code": "cloudy"
      },
      {
        "timestamp": "2025-10-15T18:00:00Z",
        "temperature": 13.9,
        "pressure": 1025.5,
        "humidity": 75.6,
        "wind_speed": 3,
        "wind_direction": 26.7,
        "cloud_cover": 98.4,
        "precipitation_mm": 0,
        "precipitation_probability": 0,
        "symbol_code": "cloudy"
      },
      {
        "timestamp": "2025-10-15T19:00:00Z",
        "temperature": 13.6,
        "pressure": 1025.5,
        "humidity": 76.2,
        "wind_speed": 3,
        "wind_direction": 31.3,
        "cloud_cover": 100,
        "precipitation_mm": 0,
        "precipitation_probability": 0,
        "symbol_code": "cloudy"
      },
      {
        "timestamp": "2025-10-15T20:00:00Z",
        "temperature": 13.4,
        "pressure": 1025.5,
        "humidity": 77.2,
        "wind_speed": 2.7,
        "wind_direction": 30.4,
        "cloud_cover": 100,
        "precipitation_mm": 0,
        "precipitation_probability": 0,
        "symbol_code": "cloudy"
      },
      {
        "timestamp": "2025-10-15T21:00:00Z",
        "temperature": 13.1,
        "pressure": 1025.6,
        "humidity": 78,
        "wind_speed": 2.7,
        "wind_direction": 24.3,
        "cloud_cover": 99.2,
        "precipitation_mm": 0,
        "precipitation_probability": 0,
        "symbol_code": "cloudy"
      },
      {
        "timestamp": "2025-10-15T22:00:00Z",
        "temperature": 12.8,
        "pressure": 1025.7,
        "humidity": 79.1,
        "wind_speed": 3,
        "wind_direction": 31.4,
        "cloud_cover": 100,
        "precipitation_mm": 0,
        "precipitation_probability": 0,
        "symbol_code": "cloudy"
      },
      {
        "timestamp": "2025-10-15T23:00:00Z",
        "temperature": 12.4,
        "pressure": 1025.5,
        "humidity": 79.8,
        "wind_speed": 3,
        "wind_direction": 35.2,
        "cloud_cover": 99.2,
        "precipitation_mm": 0,
        "precipitation_probability": 0,
        "symbol_code": "cloudy"
      },
      {
        "timestamp": "2025-10-16T00:00:00Z",
        "temperature": 12.3,
        "pressure": 1025.4,
        "humidity": 79.8,
        "wind_speed": 3,
        "wind_direction": 36.4,
        "cloud_cover": 99.2,
        "precipitation_mm": 0,
        "precipitation_probability": 0,
        "symbol_code": "cloudy"
      },
      {
        "timestamp": "2025-10-16T01:00:00Z",
        "temperature": 11.9,
        "pressure": 1025.1,
        "humidity": 81.5,
        "wind_speed": 3.1,
        "wind_direction": 33.8,
        "cloud_cover": 85.2,
        "precipitation_mm": 0,
        "precipitation_probability": 0,
        "symbol_code": "partlycloudy_night"
      },
      {
        "timestamp": "2025-10-16T02:00:00Z",
        "temperature": 11,
        "pressure": 1024.6,
        "humidity": 86,
        "wind_speed": 3.1,
        "wind_direction": 34.6,
        "cloud_cover": 25,
        "precipitation_mm": 0,
        "precipitation_probability": 0,
        "symbol_code": "fair_night"
      },
      {
        "timestamp": "2025-10-16T03:00:00Z",
        "temperature": 10.2,
        "pressure": 1024.5,
        "humidity": 90.6,
        "wind_speed": 3.1,
        "wind_direction": 36.6,
        "cloud_cover": 5.5,
        "precipitation_mm": 0,
        "precipitation_probability": 0,
        "symbol_code": "clearsky_night"
      },
      {
        "timestamp": "2025-10-16T04:00:00Z",
        "temperature": 9.5,
        "pressure": 1024.6,
        "humidity": 93.1,
        "wind_speed": 3,
        "wind_direction": 36.1,
        "cloud_cover": 3.9,
        "precipitation_mm": 0,
        "precipitation_probability": 0,
        "symbol_code": "clearsky_night"
      },
      {
        "timestamp": "2025-10-16T05:00:00Z",
        "temperature": 9.1,
        "pressure": 1024.8,
        "humidity": 93.9,
        "wind_speed": 3,
        "wind_direction": 34.2,
        "cloud_cover": 4.7,
        "precipitation_mm": 0,
        "precipitation_probability": 0,
        "symbol_code": "clearsky_night"
      },
      {
        "timestamp": "2025-10-16T06:00:00Z",
        "temperature": 8.8,
        "pressure": 1025.1,
        "humidity": 94.1,
        "wind_speed": 2.9,
        "wind_direction": 31.9,
        "cloud_cover": 4.7,
        "precipitation_mm": 0,
        "precipitation_probability": 0,
        "symbol_code": "clearsky_day"
      },
      {
        "timestamp": "2025-10-16T07:00:00Z",
        "temperature": 8.9,
        "pressure": 1025.3,
        "humidity": 93.9,
        "wind_speed": 2.9,
        "wind_direction": 31.9,
        "cloud_cover": 60.9,
        "precipitation_mm": 0,
        "precipitation_probability": 0,
        "symbol_code": "partlycloudy_day"
      },
      {
        "timestamp": "2025-10-16T08:00:00Z",
        "temperature": 10.4,
        "pressure": 1025.5,
        "humidity": 89,
        "wind_speed": 2.8,
        "wind_direction": 25.4,
        "cloud_cover": 89.8,
        "precipitation_mm": 0,
        "precipitation_probability": 0,
        "symbol_code": "cloudy"
      },
      {
        "timestamp": "2025-10-16T09:00:00Z",
        "temperature": 12.1,
        "pressure": 1025.3,
        "humidity": 82.5,
        "wind_speed": 2.5,
        "wind_direction": 29.9,
        "cloud_cover": 94.5,
        "precipitation_mm": 0,
        "precipitation_probability": 0,
        "symbol_code": "cloudy"
      },
      {
        "timestamp": "2025-10-16T10:00:00Z",
        "temperature": 13.8,
        "pressure": 1025.1,
        "humidity": 75.6,
        "wind_speed": 2.9,
        "wind_direction": 36.8,
        "cloud_cover": 34.4,
        "precipitation_mm": 0,
        "precipitation_probability": 0,
        "symbol_code": "fair_day"
      },
      {
        "timestamp": "2025-10-16T11:00:00Z",
        "temperature": 15.2,
        "pressure": 1024.9,
        "humidity": 66.8,
        "wind_speed": 4.3,
        "wind_direction": 54.8,
        "cloud_cover": 98.4,
        "precipitation_mm": 0,
        "precipitation_probability": 0,
        "symbol_code": "cloudy"
      },
      {
        "timestamp": "2025-10-16T12:00:00Z",
        "temperature": 15.5,
        "pressure": 1024.6,
        "humidity": 64,
        "wind_speed": 4,
        "wind_direction": 57,
        "cloud_cover": 100,
        "precipitation_mm": 0,
        "precipitation_probability": 0,
        "symbol_code": "cloudy"
      },
      {
        "timestamp": "2025-10-16T13:00:00Z",
        "temperature": 15.5,
        "pressure": 1024.2,
        "humidity": 63.3,
        "wind_speed": 3.5,
        "wind_direction": 52.2,
        "cloud_cover": 100,
        "precipitation_mm": 0,
        "precipitation_probability": 0,
        "symbol_code": "cloudy"
      },
      {
        "timestamp": "2025-10-16T14:00:00Z",
        "temperature": 15.4,
        "pressure": 1024.1,
        "humidity": 62,
        "wind_speed": 3.3,
        "wind_direction": 49.1,
        "cloud_cover": 100,
        "precipitation_mm": 0,
        "precipitation_probability": 0,
        "symbol_code": "cloudy"
      },
      {
        "timestamp": "2025-10-16T15:00:00Z",
        "temperature": 15.2,
        "pressure": 1023.8,
        "humidity": 61.6,
        "wind_speed": 3.4,
        "wind_direction": 46,
        "cloud_cover": 100,
        "precipitation_mm": 0,
        "precipitation_probability": 0,
        "symbol_code": "cloudy"
      },
      {
        "timestamp": "2025-10-16T16:00:00Z",
        "temperature": 14.6,
        "pressure": 1023.8,
        "humidity": 65.7,
        "wind_speed": 3,
        "wind_direction": 45.2,
        "cloud_cover": 100,
        "precipitation_mm": 0,
        "precipitation_probability": 0,
        "symbol_code": "cloudy"
      },
      {
        "timestamp": "2025-10-16T17:00:00Z",
        "temperature": 13.6,
        "pressure": 1023.7,
        "humidity": 71.6,
        "wind_speed": 2.4,
        "wind_direction": 43.8,
        "cloud_cover": 99.2,
        "precipitation_mm": 0,
        "precipitation_probability": 0,
        "symbol_code": "cloudy"
      },
      {
        "timestamp": "2025-10-16T18:00:00Z",
        "temperature": 13.1,
        "pressure": 1024,
        "humidity": 74,
        "wind_speed": 2.6,
        "wind_direction": 26.8,
        "cloud_cover": 100,
        "precipitation_mm": 0,
        "precipitation_probability": 0,
        "symbol_code": "cloudy"
      },
      {
        "timestamp": "2025-10-16T19:00:00Z",
        "temperature": 12.8,
        "pressure": 1024,
        "humidity": 73.8,
        "wind_speed": 2.7,
        "wind_direction": 35.9,
        "cloud_cover": 98.4,
        "precipitation_mm": 0,
        "precipitation_probability": 0,
        "symbol_code": "cloudy"
      },
      {
        "timestamp": "2025-10-16T20:00:00Z",
        "temperature": 12.2,
        "pressure": 1024.2,
        "humidity": 75.9,
        "wind_speed": 2.8,
        "wind_direction": 43.1,
        "cloud_cover": 96.1,
        "precipitation_mm": 0,
        "precipitation_probability": 0,
        "symbol_code": "cloudy"
      },
      {
        "timestamp": "2025-10-16T21:00:00Z",
        "temperature": 11.9,
        "pressure": 1024.4,
        "humidity": 78.5,
        "wind_speed": 2.8,
        "wind_direction": 42.1,
        "cloud_cover": 94.5,
        "precipitation_mm": 0,
        "precipitation_probability": 0,
        "symbol_code": "cloudy"
      },
      {
        "timestamp": "2025-10-16T22:00:00Z",
        "temperature": 11.6,
        "pressure": 1024.3,
        "humidity": 81.4,
        "wind_speed": 2.8,
        "wind_direction": 42.3,
        "cloud_cover": 92.2,
        "precipitation_mm": 0,
        "precipitation_probability": 0,
        "symbol_code": "cloudy"
      },
      {
        "timestamp": "2025-10-16T23:00:00Z",
        "temperature": 10.9,
        "pressure": 1024.2,
        "humidity": 85.8,
        "wind_speed": 2.7,
        "wind_direction": 43.3,
        "cloud_cover": 35.2,
        "precipitation_mm": 0,
        "precipitation_probability": 0,
        "symbol_code": "fair_night"
      },
      {
        "timestamp": "2025-10-17T00:00:00Z",
        "temperature": 10.1,
        "pressure": 1024,
        "humidity": 90,
        "wind_speed": 2.7,
        "wind_direction": 42.1,
        "cloud_cover": 35.9,
        "precipitation_mm": 0,
        "precipitation_probability": 0,
        "symbol_code": "fair_night"
      },
      {
        "timestamp": "2025-10-17T01:00:00Z",
        "temperature": 9.7,
        "pressure": 1024,
        "humidity": 92,
        "wind_speed": 2.8,
        "wind_direction": 40.3,
        "cloud_cover": 7,
        "precipitation_mm": 0,
        "precipitation_probability": 0,
        "symbol_code": "clearsky_night"
      },
      {
        "timestamp": "2025-10-17T02:00:00Z",
        "temperature": 9.1,
        "pressure": 1023.9,
        "humidity": 93.1,
        "wind_speed": 2.8,
        "wind_direction": 39.7,
        "cloud_cover": 0,
        "precipitation_mm": 0,
        "precipitation_probability": 0,
        "symbol_code": "clearsky_night"
      },
      {
        "timestamp": "2025-10-17T03:00:00Z",
        "temperature": 8.7,
        "pressure": 1023.5,
        "humidity": 93.7,
        "wind_speed": 2.7,
        "wind_direction": 39.8,
        "cloud_cover": 0,
        "precipitation_mm": 0,
        "precipitation_probability": 0,
        "symbol_code": "clearsky_night"
      },
      {
        "timestamp": "2025-10-17T04:00:00Z",
        "temperature": 8.5,
        "pressure": 1023.6,
        "humidity": 94.1,
        "wind_speed": 2.8,
        "wind_direction": 38.8,
        "cloud_cover": 0,
        "precipitation_mm": 0,
        "precipitation_probability": 0,
        "symbol_code": "clearsky_night"
      },
      {
        "timestamp": "2025-10-17T05:00:00Z",
        "temperature": 8.2,
        "pressure": 1023.7,
        "humidity": 94.5,
        "wind_speed": 2.8,
        "wind_direction": 40.3,
        "cloud_cover": 0,
        "precipitation_mm": 0,
        "precipitation_probability": 0,
        "symbol_code": "clearsky_night"
      },
      {
        "timestamp": "2025-10-17T06:00:00Z",
        "temperature": 8.1,
        "pressure": 1023.9,
        "humidity": 94.8,
        "wind_speed": 2.7,
        "wind_direction": 42.1,
        "cloud_cover": 0,
        "precipitation_mm": 0,
        "precipitation_probability": 0,
        "symbol_code": "clearsky_day"
      },
      {
        "timestamp": "2025-10-17T07:00:00Z",
        "temperature": 8.3,
        "pressure": 1024.4,
        "humidity": 95.2,
        "wind_speed": 2.9,
        "wind_direction": 44,
        "cloud_cover": 0,
        "precipitation_mm": 0,
        "precipitation_probability": 0,
        "symbol_code": "clearsky_day"
      },
      {
        "timestamp": "2025-10-17T08:00:00Z",
        "temperature": 9.7,
        "pressure": 1024.8,
        "humidity": 91.3,
        "wind_speed": 3.1,
        "wind_direction": 49.8,
        "cloud_cover": 18,
        "precipitation_mm": 0,
        "precipitation_probability": 0,
        "symbol_code": "fair_day"
      },
      {
        "timestamp": "2025-10-17T09:00:00Z",
        "temperature": 11.5,
        "pressure": 1025,
        "humidity": 82.8,
        "wind_speed": 3.2,
        "wind_direction": 61.2,
        "cloud_cover": 35.9,
        "precipitation_mm": 0,
        "precipitation_probability": 0,
        "symbol_code": "fair_day"
      },
      {
        "timestamp": "2025-10-17T10:00:00Z",
        "temperature": 13.2,
        "pressure": 1024.9,
        "humidity": 75,
        "wind_speed": 3.1,
        "wind_direction": 61.3,
        "cloud_cover": 26.6,
        "precipitation_mm": 0,
        "precipitation_probability": 0,
        "symbol_code": "fair_day"
      },
      {
        "timestamp": "2025-10-17T11:00:00Z",
        "temperature": 14.6,
        "pressure": 1024.8,
        "humidity": 67.9,
        "wind_speed": 3.7,
        "wind_direction": 61.3,
        "cloud_cover": 35.9,
        "precipitation_mm": 0,
        "precipitation_probability": 0,
        "symbol_code": "fair_day"
      },
      {
        "timestamp": "2025-10-17T12:00:00Z",
        "temperature": 15.3,
        "pressure": 1024.5,
        "humidity": 63.5,
        "wind_speed": 3.5,
        "wind_direction": 62.7,
        "cloud_cover": 36.7,
        "precipitation_mm": 0,
        "precipitation_probability": 0,
        "symbol_code": "fair_day"
      },
      {
        "timestamp": "2025-10-17T13:00:00Z",
        "temperature": 15.6,
        "pressure": 1024,
        "humidity": 61,
        "wind_speed": 3.4,
        "wind_direction": 60.3,
        "cloud_cover": 47.7,
        "precipitation_mm": 0,
        "precipitation_probability": 0,
        "symbol_code": "partlycloudy_day"
      },
      {
        "timestamp": "2025-10-17T14:00:00Z",
        "temperature": 15.6,
        "pressure": 1023.9,
        "humidity": 59.4,
        "wind_speed": 3.5,
        "wind_direction": 58.9,
        "cloud_cover": 44.5,
        "precipitation_mm": 0,
        "precipitation_probability": 0,
        "symbol_code": "partlycloudy_day"
      },
      {
        "timestamp": "2025-10-17T15:00:00Z",
        "temperature": 15.3,
        "pressure": 1023.7,
        "humidity": 59.4,
        "wind_speed": 3.5,
        "wind_direction": 59.9,
        "cloud_cover": 91.4,
        "precipitation_mm": 0,
        "precipitation_probability": 0,
        "symbol_code": "cloudy"
      },
      {
        "timestamp": "2025-10-17T16:00:00Z",
        "temperature": 14.6,
        "pressure": 1023.7,
        "humidity": 62.6,
        "wind_speed": 2.9,
        "wind_direction": 62.6,
        "cloud_cover": 46.9,
        "precipitation_mm": 0,
        "precipitation_probability": 0,
        "symbol_code": "partlycloudy_day"
      },
      {
        "timestamp": "2025-10-17T17:00:00Z",
        "temperature": 13.2,
        "pressure": 1023.8,
        "humidity": 69.4,
        "wind_speed": 2.4,
        "wind_direction": 58,
        "cloud_cover": 98.4,
        "precipitation_mm": 0,
        "precipitation_probability": 0,
        "symbol_code": "cloudy"
      },
      {
        "timestamp": "2025-10-17T18:00:00Z",
        "temperature": 12.8,
        "pressure": 1024.3,
        "humidity": 73.2,
        "wind_speed": 2.2,
        "wind_direction": 49.3,
        "cloud_cover": 99.2,
        "precipitation_mm": 0,
        "precipitation_probability": 0,
        "symbol_code": "cloudy"
      },
      {
        "timestamp": "2025-10-17T19:00:00Z",
        "temperature": 12.4,
        "pressure": 1024.3,
        "humidity": 75.2,
        "wind_speed": 2.6,
        "wind_direction": 42.8,
        "cloud_cover": 75.8,
        "precipitation_mm": 0,
        "precipitation_probability": 0,
        "symbol_code": "partlycloudy_night"
      },
      {
        "timestamp": "2025-10-17T20:00:00Z",
        "temperature": 11.8,
        "pressure": 1024.4,
        "humidity": 75.8,
        "wind_speed": 2.4,
        "wind_direction": 58.6,
        "cloud_cover": 3.9,
        "precipitation_mm": 0,
        "precipitation_probability": 0,
        "symbol_code": "clearsky_night"
      },
      {
        "timestamp": "2025-10-17T21:00:00Z",
        "temperature": 10.8,
        "pressure": 1024.7,
        "humidity": 79,
        "wind_speed": 2.4,
        "wind_direction": 56.2,
        "cloud_cover": 10.9,
        "precipitation_mm": 0,
        "precipitation_probability": 0,
        "symbol_code": "clearsky_night"
      },
      {
        "timestamp": "2025-10-17T22:00:00Z",
        "temperature": 10.2,
        "pressure": 1025,
        "humidity": 81.4,
        "wind_speed": 2.6,
        "wind_direction": 48,
        "cloud_cover": 14.1,
        "precipitation_mm": 0,
        "precipitation_probability": 0,
        "symbol_code": "fair_night"
      },
      {
        "timestamp": "2025-10-17T23:00:00Z",
        "temperature": 9.6,
        "pressure": 1025.1,
        "humidity": 84.3,
        "wind_speed": 2.6,
        "wind_direction": 49.4,
        "cloud_cover": 17.2,
        "precipitation_mm": 0,
        "precipitation_probability": 0,
        "symbol_code": "fair_night"
      },
      {
        "timestamp": "2025-10-18T00:00:00Z",
        "temperature": 9,
        "pressure": 1025.3,
        "humidity": 87,
        "wind_speed": 2.4,
        "wind_direction": 52.1,
        "cloud_cover": 0,
        "precipitation_mm": 0,
        "precipitation_probability": 0,
        "symbol_code": ""
      },
      {
        "timestamp": "2025-10-18T06:00:00Z",
        "temperature": 6.8,
        "pressure": 1024.6,
        "humidity": 91.1,
        "wind_speed": 2.1,
        "wind_direction": 76.8,
        "cloud_cover": 0,
        "precipitation_mm": 0,
        "precipitation_probability": 0,
        "symbol_code": ""
      },
      {
        "timestamp": "2025-10-18T12:00:00Z",
        "temperature": 15.1,
        "pressure": 1023.4,
        "humidity": 57.3,
        "wind_speed": 3.3,
        "wind_direction": 105,
        "cloud_cover": 44.5,
        "precipitation_mm": 0,
        "precipitation_probability": 0,
        "symbol_code": ""
      },
      {
        "timestamp": "2025-10-18T18:00:00Z",
        "temperature": 12.3,
        "pressure": 1020.9,
        "humidity": 74.6,
        "wind_speed": 2.9,
        "wind_direction": 100.8,
        "cloud_cover": 100,
        "precipitation_mm": 0,
        "precipitation_probability": 0,
        "symbol_code": ""
      },
      {
        "timestamp": "2025-10-19T00:00:00Z",
        "temperature": 9.9,
        "pressure": 1018.2,
        "humidity": 85.7,
        "wind_speed": 2.6,
        "wind_direction": 126.9,
        "cloud_cover": 100,
        "precipitation_mm": 0,
        "precipitation_probability": 0,
        "symbol_code": ""
      },
      {
        "timestamp": "2025-10-19T06:00:00Z",
        "temperature": 8.1,
        "pressure": 1014.4,
        "humidity": 91.6,
        "wind_speed": 2.7,
        "wind_direction": 142,
        "cloud_cover": 100,
        "precipitation_mm": 0,
        "precipitation_probability": 0,
        "symbol_code": ""
      },
      {
        "timestamp": "2025-10-19T12:00:00Z",
        "temperature": 16.3,
        "pressure": 1010.2,
        "humidity": 64.2,
        "wind_speed": 3.3,
        "wind_direction": 147.8,
        "cloud_cover": 100,
        "precipitation_mm": 0,
        "precipitation_probability": 0,
        "symbol_code": ""
      },
      {
        "timestamp": "2025-10-19T18:00:00Z",
        "temperature": 16.2,
        "pressure": 1005.3,
        "humidity": 68.7,
        "wind_speed": 4.4,
        "wind_direction": 159.1,
        "cloud_cover": 100,
        "precipitation_mm": 0,
        "precipitation_probability": 0,
        "symbol_code": ""
      },
      {
        "timestamp": "2025-10-20T00:00:00Z",
        "temperature": 16.3,
        "pressure": 1002.7,
        "humidity": 82.8,
        "wind_speed": 5.4,
        "wind_direction": 200.6,
        "cloud_cover": 100,
        "precipitation_mm": 0,
        "precipitation_probability": 0,
        "symbol_code": ""
      },
      {
        "timestamp": "2025-10-20T06:00:00Z",
        "temperature": 13.1,
        "pressure": 1002.6,
        "humidity": 92,
        "wind_speed": 3.4,
        "wind_direction": 213.7,
        "cloud_cover": 74.2,
        "precipitation_mm": 0,
        "precipitation_probability": 0,
        "symbol_code": ""
      },
      {
        "timestamp": "2025-10-20T12:00:00Z",
        "temperature": 16,
        "pressure": 1002.7,
        "humidity": 70.5,
        "wind_speed": 5.2,
        "wind_direction": 216.3,
        "cloud_cover": 37.5,
        "precipitation_mm": 0,
        "precipitation_probability": 0,
        "symbol_code": ""
      },
      {
        "timestamp": "2025-10-20T18:00:00Z",
        "temperature": 14.3,
        "pressure": 1002.1,
        "humidity": 76.9,
        "wind_speed": 4.5,
        "wind_direction": 210.4,
        "cloud_cover": 26.6,
        "precipitation_mm": 0,
        "precipitation_probability": 0,
        "symbol_code": ""
      },
      {
        "timestamp": "2025-10-21T00:00:00Z",
        "temperature": 13.2,
        "pressure": 1003,
        "humidity": 79.9,
        "wind_speed": 4.8,
        "wind_direction": 220.9,
        "cloud_cover": 56.2,
        "precipitation_mm": 0,
        "precipitation_probability": 0,
        "symbol_code": ""
      },
      {
        "timestamp": "2025-10-21T06:00:00Z",
        "temperature": 12.7,
        "pressure": 1002.9,
        "humidity": 84.1,
        "wind_speed": 4.1,
        "wind_direction": 214.9,
        "cloud_cover": 58.6,
        "precipitation_mm": 0,
        "precipitation_probability": 0,
        "symbol_code": ""
      },
      {
        "timestamp": "2025-10-21T12:00:00Z",
        "temperature": 14.2,
        "pressure": 1002.4,
        "humidity": 88,
        "wind_speed": 4.4,
        "wind_direction": 178.8,
        "cloud_cover": 100,
        "precipitation_mm": 0,
        "precipitation_probability": 0,
        "symbol_code": ""
      },
      {
        "timestamp": "2025-10-21T18:00:00Z",
        "temperature": 14.1,
        "pressure": 999.2,
        "humidity": 96.8,
        "wind_speed": 3.2,
        "wind_direction": 198.6,
        "cloud_cover": 100,
        "precipitation_mm": 0,
        "precipitation_probability": 0,
        "symbol_code": ""
      },
      {
        "timestamp": "2025-10-22T00:00:00Z",
        "temperature": 12.5,
        "pressure": 1001.2,
        "humidity": 97.8,
        "wind_speed": 2.7,
        "wind_direction": 274.1,
        "cloud_cover": 95.3,
        "precipitation_mm": 0,
        "precipitation_probability": 0,
        "symbol_code": ""
      },
      {
        "timestamp": "2025-10-22T06:00:00Z",
        "temperature": 10.5,
        "pressure": 1004.6,
        "humidity": 97.5,
        "wind_speed": 2.8,
        "wind_direction": 279.5,
        "cloud_cover": 100,
        "precipitation_mm": 0,
        "precipitation_probability": 0,
        "symbol_code": ""
      },
      {
        "timestamp": "2025-10-22T12:00:00Z",
        "temperature": 14.1,
        "pressure": 1007.7,
        "humidity": 74.2,
        "wind_speed": 1.8,
        "wind_direction": 221.6,
        "cloud_cover": 42.2,
        "precipitation_mm": 0,
        "precipitation_probability": 0,
        "symbol_code": ""
      },
      {
        "timestamp": "2025-10-22T18:00:00Z",
        "temperature": 14.2,
        "pressure": 1007,
        "humidity": 77.8,
        "wind_speed": 1.9,
        "wind_direction": 150.7,
        "cloud_cover": 100,
        "precipitation_mm": 0,
        "precipitation_probability": 0,
        "symbol_code": ""
      },
      {
        "timestamp": "2025-10-23T00:00:00Z",
        "temperature": 15,
        "pressure": 1005.7,
        "humidity": 95.7,
        "wind_speed": 4.2,
        "wind_direction": 211,
        "cloud_cover": 100,
        "precipitation_mm": 0,
        "precipitation_probability": 0,
        "symbol_code": ""
      },
      {
        "timestamp": "2025-10-23T06:00:00Z",
        "temperature": 16,
        "pressure": 1005.6,
        "humidity": 93.4,
        "wind_speed": 4.3,
        "wind_direction": 199.3,
        "cloud_cover": 67.2,
        "precipitation_mm": 0,
        "precipitation_probability": 0,
        "symbol_code": ""
      },
      {
        "timestamp": "2025-10-23T12:00:00Z",
        "temperature": 18.1,
        "pressure": 1003.7,
        "humidity": 84,
        "wind_speed": 5.3,
        "wind_direction": 195.9,
        "cloud_cover": 100,
        "precipitation_mm": 0,
        "precipitation_probability": 0,
        "symbol_code": ""
      },
      {
        "timestamp": "2025-10-23T18:00:00Z",
        "temperature": 17.4,
        "pressure": 1000.2,
        "humidity": 77,
        "wind_speed": 7.1,
        "wind_direction": 210.1,
        "cloud_cover": 88.3,
        "precipitation_mm": 0,
        "precipitation_probability": 0,
        "symbol_code": ""
      },
      {
        "timestamp": "2025-10-24T00:00:00Z",
        "temperature": 15.1,
        "pressure": 1003.6,
        "humidity": 85.3,
        "wind_speed": 5.6,
        "wind_direction": 229.7,
        "cloud_cover": 40.6,
        "precipitation_mm": 0,
        "precipitation_probability": 0,
        "symbol_code": ""
      },
      {
        "timestamp": "2025-10-24T06:00:00Z",
        "temperature": 14,
        "pressure": 1005.4,
        "humidity": 93.9,
        "wind_speed": 3.7,
        "wind_direction": 231.2,
        "cloud_cover": 100,
        "precipitation_mm": 0,
        "precipitation_probability": 0,
        "symbol_code": ""
      },
      {
        "timestamp": "2025-10-24T12:00:00Z",
        "temperature": 16.7,
        "pressure": 1011.7,
        "humidity": 64.2,
        "wind_speed": 4.2,
        "wind_direction": 246.6,
        "cloud_cover": 28.9,
        "precipitation_mm": 0,
        "precipitation_probability": 0,
        "symbol_code": ""
      },
      {
        "timestamp": "2025-10-24T18:00:00Z",
        "temperature": 14.8,
        "pressure": 1012.9,
        "humidity": 79.2,
        "wind_speed": 2.7,
        "wind_direction": 210.5,
        "cloud_cover": 100,
        "precipitation_mm": 0,
        "precipitation_probability": 0,
        "symbol_code": ""
      },
      {
        "timestamp": "2025-10-25T00:00:00Z",
        "temperature": 12.6,
        "pressure": 1012.9,
        "humidity": 91.4,
        "wind_speed": 2.5,
        "wind_direction": 172.3,
        "cloud_cover": 100,
        "precipitation_mm": 0,
        "precipitation_probability": 0,
        "symbol_code": ""
      }
    ],
    "success": true
  }
]