[
  {
    "location": {
      "name": "London, UK",
      "lat": 51.5074,
      "lon": -0.1278
    },
    "current_weather": {
      "timestamp": "2025-10-15T09:00:00Z",
      "temperature": 11.6,
      "pressure": 1030.1,
      "humidity": 85.1,
      "wind_speed": 2.8,
      "wind_direction": 12.5,
      "cloud_cover": 100,
      "precipitation_mm": 0,
      "precipitation_probability": 0,
      "symbol_code": "cloudy"
    },
    "forecast": [
      {
        "timestamp": "2025-10-15T10:00:00Z",
        "temperature": 12.3,
        "pressure": 1030.2,
        "humidity": 81.2,
        "wind_speed": 3.1,
        "wind_direction": 18.3,
        "cloud_cover": 100,
        "precipitation_mm": 0,
        "precipitation_probability": 0,
        "symbol_code": "cloudy"
      },
      {
        "timestamp": "2025-10-15T11:00:00Z",
        "temperature": 13,
        "pressure": 1030.1,
        "humidity": 77.3,
        "wind_speed": 3.2,
        "wind_direction": 25,
        "cloud_cover": 100,
        "precipitation_mm": 0,
        "precipitation_probability": 0,
        "symbol_code": "cloudy"
      },
      {
        "timestamp": "2025-10-15T12:00:00Z",
        "temperature": 13.8,
        "pressure": 1029.9,
        "humidity": 74.7,
        "wind_speed": 3.1,
        "wind_direction": 26.2,
        "cloud_cover": 100,
        "precipitation_mm": 0,
        "precipitation_probability": 0,
        "symbol_code": "cloudy"
      },
      {
        "timestamp": "2025-10-15T13:00:00Z",
        "temperature": 13.9,
        "pressure": 1029.4,
        "humidity": 74.1,
        "wind_speed": 3.2,
        "wind_direction": 17.1,
        "cloud_cover": 100,
        "precipitation_mm": 0,
        "precipitation_probability": 0,
        "symbol_code": "cloudy"
      },
      {
        "timestamp": "2025-10-15T14:00:00Z",
        "temperature": 13.8,
        "pressure": 1029.4,
        "humidity": 74.2,
        "wind_speed": 3.3,
        "wind_direction": 13.7,
        "cloud_cover": 100,
        "precipitation_mm": 0,
        "precipitation_probability": 0,
        "symbol_code": "cloudy"
      },
      {
        "timestamp": "2025-10-15T15:00:00Z",
        "temperature": 13.5,
        "pressure": 1029.2,
        "humidity": 73.3,
        "wind_speed": 3.2,
        "wind_direction": 15.5,
        "cloud_cover": 100,
        "precipitation_mm": 0,
        "precipitation_probability": 0,
        "symbol_code": "cloudy"
      },
      {
        "timestamp": "2025-10-15T16:00:00Z",
        "temperature": 13.1,
        "pressure": 1029,
        "humidity": 73.8,
        "wind_speed": 3,
        "wind_direction": 18.7,
        "cloud_cover": 100,
        "precipitation_mm": 0,
        "precipitation_probability": 0,
        "symbol_code": "cloudy"
      },
      {
        "timestamp": "2025-10-15T17:00:00Z",
        "temperature": 12.8,
        "pressure": 1028.9,
        "humidity": 74.6,
        "wind_speed": 2.7,
        "wind_direction": 23.8,
        "cloud_cover": 100,
        "precipitation_mm": 0,
        "precipitation_probability": 0,
        "symbol_code": "cloudy"
      },
      {
        "timestamp": "2025-10-15T18:00:00Z",
        "temperature": 12.4,
        "pressure": 1029,
        "humidity": 76.5,
        "wind_speed": 2.7,
        "wind_direction": 26.8,
        "cloud_cover": 99.2,
        "precipitation_mm": 0,
        "precipitation_probability": 0,
        "symbol_code": "cloudy"
      },
      {
        "timestamp": "2025-10-15T19:00:00Z",
        "temperature": 11.9,
        "pressure": 1029,
        "humidity": 79.3,
        "wind_speed": 2.6,
        "wind_direction": 33.1,
        "cloud_cover": 92.2,
        "precipitation_mm": 0,
        "precipitation_probability": 0,
        "symbol_code": "cloudy"
      },
      {
        "timestamp": "2025-10-15T20:00:00Z",
        "temperature": 11.6,
        "pressure": 1029,
        "humidity": 80.8,
        "wind_speed": 2.2,
        "wind_direction": 34.6,
        "cloud_cover": 63.3,
        "precipitation_mm": 0,
        "precipitation_probability": 0,
        "symbol_code": "partlycloudy_night"
      },
      {
        "timestamp": "2025-10-15T21:00:00Z",
        "temperature": 11.1,
        "pressure": 1029.1,
        "humidity": 83.2,
        "wind_speed": 2.2,
        "wind_direction": 27.5,
        "cloud_cover": 46.9,
        "precipitation_mm": 0,
        "precipitation_probability": 0,
        "symbol_code": "partlycloudy_night"
      },
      {
        "timestamp": "2025-10-15T22:00:00Z",
        "temperature": 11,
        "pressure": 1029.2,
        "humidity": 84.5,
        "wind_speed": 2.3,
        "wind_direction": 23.6,
        "cloud_cover": 84.4,
        "precipitation_mm": 0,
        "precipitation_probability": 0,
        "symbol_code": "partlycloudy_night"
      },
      {
        "timestamp": "2025-10-15T23:00:00Z",
        "temperature": 11,
        "pressure": 1029,
        "humidity": 86.6,
        "wind_speed": 2.2,
        "wind_direction": 24.9,
        "cloud_cover": 100,
        "precipitation_mm": 0,
        "precipitation_probability": 0,
        "symbol_code": "cloudy"
      },
      {
        "timestamp": "2025-10-16T00:00:00Z",
        "temperature": 10.9,
        "pressure": 1028.8,
        "humidity": 89,
        "wind_speed": 2.2,
        "wind_direction": 24.1,
        "cloud_cover": 91.4,
        "precipitation_mm": 0,
        "precipitation_probability": 0,
        "symbol_code": "cloudy"
      },
      {
        "timestamp": "2025-10-16T01:00:00Z",
        "temperature": 10.7,
        "pressure": 1028.5,
        "humidity": 90.7,
        "wind_speed": 2.1,
        "wind_direction": 20.2,
        "cloud_cover": 71.9,
        "precipitation_mm": 0,
        "precipitation_probability": 0,
        "symbol_code": "partlycloudy_night"
      },
      {
        "timestamp": "2025-10-16T02:00:00Z",
        "temperature": 10.5,
        "pressure": 1028.1,
        "humidity": 91.9,
        "wind_speed": 2.1,
        "wind_direction": 23.7,
        "cloud_cover": 98.4,
        "precipitation_mm": 0,
        "precipitation_probability": 0,
        "symbol_code": "cloudy"
      },
      {
        "timestamp": "2025-10-16T03:00:00Z",
        "temperature": 10.3,
        "pressure": 1027.8,
        "humidity": 92.9,
        "wind_speed": 2.1,
        "wind_direction": 18.7,
        "cloud_cover": 99.2,
        "precipitation_mm": 0,
        "precipitation_probability": 0,
        "symbol_code": "cloudy"
      },
      {
        "timestamp": "2025-10-16T04:00:00Z",
        "temperature": 10.5,
        "pressure": 1027.8,
        "humidity": 92,
        "wind_speed": 2.3,
        "wind_direction": 19.6,
        "cloud_cover": 100,
        "precipitation_mm": 0,
        "precipitation_probability": 0,
        "symbol_code": "cloudy"
      },
      {
        "timestamp": "2025-10-16T05:00:00Z",
        "temperature": 10.6,
        "pressure": 1027.8,
        "humidity": 90.6,
        "wind_speed": 2.4,
        "wind_direction": 21.4,
        "cloud_cover": 100,
        "precipitation_mm": 0,
        "precipitation_probability": 0,
        "symbol_code": "cloudy"
      },
      {
        "timestamp": "2025-10-16T06:00:00Z",
        "temperature": 10.6,
        "pressure": 1027.9,
        "humidity": 89.4,
        "wind_speed": 2.4,
        "wind_direction": 28.4,
        "cloud_cover": 100,
        "precipitation_mm": 0,
        "precipitation_probability": 0,
        "symbol_code": "cloudy"
      },
      {
        "timestamp": "2025-10-16T07:00:00Z",
        "temperature": 10.6,
        "pressure": 1028.1,
        "humidity": 88.9,
        "wind_speed": 2.2,
        "wind_direction": 36.2,
        "cloud_cover": 100,
        "precipitation_mm": 0,
        "precipitation_probability": 0,
        "symbol_code": "cloudy"
      },
      {
        "timestamp": "2025-10-16T08:00:00Z",
        "temperature": 11,
        "pressure": 1028.3,
        "humidity": 87.1,
        "wind_speed": 2.3,
        "wind_direction": 33.8,
        "cloud_cover": 99.2,
        "precipitation_mm": 0,
        "precipitation_probability": 0,
        "symbol_code": "cloudy"
      },
      {
        "timestamp": "2025-10-16T09:00:00Z",
        "temperature": 11.8,
        "pressure": 1028.2,
        "humidity": 85.1,
        "wind_speed": 2.7,
        "wind_direction": 35.1,
        "cloud_cover": 98.4,
        "precipitation_mm": 0,
        "precipitation_probability": 0,
        "symbol_code": "cloudy"
      },
      {
        "timestamp": "2025-10-16T10:00:00Z",
        "temperature": 12.9,
        "pressure": 1028.1,
        "humidity": 79.8,
        "wind_speed": 3.2,
        "wind_direction": 55.3,
        "cloud_cover": 100,
        "precipitation_mm": 0,
        "precipitation_probability": 0,
        "symbol_code": "cloudy"
      },
      {
        "timestamp": "2025-10-16T11:00:00Z",
        "temperature": 13.7,
        "pressure": 1028,
        "humidity": 75.2,
        "wind_speed": 3,
        "wind_direction": 63.7,
        "cloud_cover": 88.3,
        "precipitation_mm": 0,
        "precipitation_probability": 0,
        "symbol_code": "cloudy"
      },
      {
        "timestamp": "2025-10-16T12:00:00Z",
        "temperature": 14.7,
        "pressure": 1027.7,
        "humidity": 70.6,
        "wind_speed": 2.8,
        "wind_direction": 68.7,
        "cloud_cover": 86.7,
        "precipitation_mm": 0,
        "precipitation_probability": 0,
        "symbol_code": "cloudy"
      },
      {
        "timestamp": "2025-10-16T13:00:00Z",
        "temperature": 15.1,
        "pressure": 1027.2,
        "humidity": 67,
        "wind_speed": 2.6,
        "wind_direction": 68,
        "cloud_cover": 78.1,
        "precipitation_mm": 0,
        "precipitation_probability": 0,
        "symbol_code": "partlycloudy_day"
      },
      {
        "timestamp": "2025-10-16T14:00:00Z",
        "temperature": 15.3,
        "pressure": 1026.9,
        "humidity": 65.5,
        "wind_speed": 2.3,
        "wind_direction": 65.4,
        "cloud_cover": 44.5,
        "precipitation_mm": 0,
        "precipitation_probability": 0,
        "symbol_code": "partlycloudy_day"
      },
      {
        "timestamp": "2025-10-16T15:00:00Z",
        "temperature": 15.3,
        "pressure": 1026.6,
        "humidity": 64.9,
        "wind_speed": 2.2,
        "wind_direction": 56.8,
        "cloud_cover": 56.2,
        "precipitation_mm": 0,
        "precipitation_probability": 0,
        "symbol_code": "partlycloudy_day"
      },
      {
        "timestamp": "2025-10-16T16:00:00Z",
        "temperature": 15.1,
        "pressure": 1026.3,
        "humidity": 67.6,
        "wind_speed": 1.9,
        "wind_direction": 48.9,
        "cloud_cover": 83.6,
        "precipitation_mm": 0,
        "precipitation_probability": 0,
        "symbol_code": "partlycloudy_day"
      },
      {
        "timestamp": "2025-10-16T17:00:00Z",
        "temperature": 14.1,
        "pressure": 1026.3,
        "humidity": 73.5,
        "wind_speed": 1.6,
        "wind_direction": 36.5,
        "cloud_cover": 85.9,
        "precipitation_mm": 0,
        "precipitation_probability": 0,
        "symbol_code": "partlycloudy_night"
      },
      {
        "timestamp": "2025-10-16T18:00:00Z",
        "temperature": 13.5,
        "pressure": 1026.6,
        "humidity": 76.4,
        "wind_speed": 1.8,
        "wind_direction": 49.5,
        "cloud_cover": 87.5,
        "precipitation_mm": 0,
        "precipitation_probability": 0,
        "symbol_code": "cloudy"
      },
      {
        "timestamp": "2025-10-16T19:00:00Z",
        "temperature": 12.9,
        "pressure": 1026.7,
        "humidity": 80.3,
        "wind_speed": 1.7,
        "wind_direction": 66.3,
        "cloud_cover": 37.5,
        "precipitation_mm": 0,
        "precipitation_probability": 0,
        "symbol_code": "fair_night"
      },
      {
        "timestamp": "2025-10-16T20:00:00Z",
        "temperature": 12.3,
        "pressure": 1026.8,
        "humidity": 84.2,
        "wind_speed": 1.5,
        "wind_direction": 79.8,
        "cloud_cover": 96.1,
        "precipitation_mm": 0,
        "precipitation_probability": 0,
        "symbol_code": "cloudy"
      },
      {
        "timestamp": "2025-10-16T21:00:00Z",
        "temperature": 11.8,
        "pressure": 1027,
        "humidity": 87.7,
        "wind_speed": 1.5,
        "wind_direction": 75.1,
        "cloud_cover": 57.8,
        "precipitation_mm": 0,
        "precipitation_probability": 0,
        "symbol_code": "partlycloudy_night"
      },
      {
        "timestamp": "2025-10-16T22:00:00Z",
        "temperature": 11.3,
        "pressure": 1026.9,
        "humidity": 90.2,
        "wind_speed": 1.7,
        "wind_direction": 56.6,
        "cloud_cover": 24.2,
        "precipitation_mm": 0,
        "precipitation_probability": 0,
        "symbol_code": "fair_night"
      },
      {
        "timestamp": "2025-10-16T23:00:00Z",
        "temperature": 10.9,
        "pressure": 1026.8,
        "humidity": 91.9,
        "wind_speed": 1.7,
        "wind_direction": 52.6,
        "cloud_cover": 31.2,
        "precipitation_mm": 0,
        "precipitation_probability": 0,
        "symbol_code": "fair_night"
      },
      {
        "timestamp": "2025-10-17T00:00:00Z",
        "temperature": 10.5,
        "pressure": 1026.7,
        "humidity": 92.9,
        "wind_speed": 1.7,
        "wind_direction": 54.3,
        "cloud_cover": 31.2,
        "precipitation_mm": 0,
        "precipitation_probability": 0,
        "symbol_code": "fair_night"
      },
      {
        "timestamp": "2025-10-17T01:00:00Z",
        "temperature": 10,
        "pressure": 1026.6,
        "humidity": 94.9,
        "wind_speed": 1.7,
        "wind_direction": 55,
        "cloud_cover": 20.3,
        "precipitation_mm": 0,
        "precipitation_probability": 0,
        "symbol_code": "fair_night"
      },
      {
        "timestamp": "2025-10-17T02:00:00Z",
        "temperature": 9.5,
        "pressure": 1026.5,
        "humidity": 96.1,
        "wind_speed": 1.6,
        "wind_direction": 53.6,
        "cloud_cover": 28.1,
        "precipitation_mm": 0,
        "precipitation_probability": 0,
        "symbol_code": "fair_night"
      },
      {
        "timestamp": "2025-10-17T03:00:00Z",
        "temperature": 9.3,
        "pressure": 1026.1,
        "humidity": 96.5,
        "wind_speed": 1.6,
        "wind_direction": 53,
        "cloud_cover": 37.5,
        "precipitation_mm": 0,
        "precipitation_probability": 0,
        "symbol_code": "fair_night"
      },
      {
        "timestamp": "2025-10-17T04:00:00Z",
        "temperature": 9,
        "pressure": 1026.1,
        "humidity": 95.6,
        "wind_speed": 1.8,
        "wind_direction": 60.4,
        "cloud_cover": 23.4,
        "precipitation_mm": 0,
        "precipitation_probability": 0,
        "symbol_code": "fair_night"
      },
      {
        "timestamp": "2025-10-17T05:00:00Z",
        "temperature": 9,
        "pressure": 1026.2,
        "humidity": 93.6,
        "wind_speed": 1.8,
        "wind_direction": 61.3,
        "cloud_cover": 25.8,
        "precipitation_mm": 0,
        "precipitation_probability": 0,
        "symbol_code": "fair_night"
      },
      {
        "timestamp": "2025-10-17T06:00:00Z",
        "temperature": 8.9,
        "pressure": 1026.3,
        "humidity": 92.9,
        "wind_speed": 1.7,
        "wind_direction": 52,
        "cloud_cover": 82.8,
        "precipitation_mm": 0,
        "precipitation_probability": 0,
        "symbol_code": "partlycloudy_day"
      },
      {
        "timestamp": "2025-10-17T07:00:00Z",
        "temperature": 9.1,
        "pressure": 1026.8,
        "humidity": 91.8,
        "wind_speed": 1.9,
        "wind_direction": 58.1,
        "cloud_cover": 99.2,
        "precipitation_mm": 0,
        "precipitation_probability": 0,
        "symbol_code": "cloudy"
      },
      {
        "timestamp": "2025-10-17T08:00:00Z",
        "temperature": 9.7,
        "pressure": 1027,
        "humidity": 90.2,
        "wind_speed": 1.8,
        "wind_direction": 66.2,
        "cloud_cover": 100,
        "precipitation_mm": 0,
        "precipitation_probability": 0,
        "symbol_code": "cloudy"
      },
      {
        "timestamp": "2025-10-17T09:00:00Z",
        "temperature": 10.6,
        "pressure": 1027.3,
        "humidity": 86.2,
        "wind_speed": 1.6,
        "wind_direction": 73.3,
        "cloud_cover": 99.2,
        "precipitation_mm": 0,
        "precipitation_probability": 0,
        "symbol_code": "cloudy"
      },
      {
        "timestamp": "2025-10-17T10:00:00Z",
        "temperature": 11.9,
        "pressure": 1027.2,
        "humidity": 77.9,
        "wind_speed": 2.2,
        "wind_direction": 46,
        "cloud_cover": 78.1,
        "precipitation_mm": 0,
        "precipitation_probability": 0,
        "symbol_code": "partlycloudy_day"
      },
      {
        "timestamp": "2025-10-17T11:00:00Z",
        "temperature": 13.2,
        "pressure": 1027.2,
        "humidity": 66.9,
        "wind_speed": 2.2,
        "wind_direction": 15.9,
        "cloud_cover": 11.7,
        "precipitation_mm": 0,
        "precipitation_probability": 0,
        "symbol_code": "clearsky_day"
      },
      {
        "timestamp": "2025-10-17T12:00:00Z",
        "temperature": 13.6,
        "pressure": 1026.9,
        "humidity": 63.7,
        "wind_speed": 2.2,
        "wind_direction": 6.4,
        "cloud_cover": 24.2,
        "precipitation_mm": 0,
        "precipitation_probability": 0,
        "symbol_code": "fair_day"
      },
      {
        "timestamp": "2025-10-17T13:00:00Z",
        "temperature": 13.6,
        "pressure": 1026.5,
        "humidity": 63.4,
        "wind_speed": 2.1,
        "wind_direction": 11.8,
        "cloud_cover": 82,
        "precipitation_mm": 0,
        "precipitation_probability": 0,
        "symbol_code": "partlycloudy_day"
      },
      {
        "timestamp": "2025-10-17T14:00:00Z",
        "temperature": 13.4,
        "pressure": 1026.5,
        "humidity": 64.6,
        "wind_speed": 2.1,
        "wind_direction": 21.3,
        "cloud_cover": 87.5,
        "precipitation_mm": 0,
        "precipitation_probability": 0,
        "symbol_code": "cloudy"
      },
      {
        "timestamp": "2025-10-17T15:00:00Z",
        "temperature": 13.1,
        "pressure": 1026.3,
        "humidity": 66.2,
        "wind_speed": 2,
        "wind_direction": 28.1,
        "cloud_cover": 100,
        "precipitation_mm": 0,
        "precipitation_probability": 0,
        "symbol_code": "cloudy"
      },
      {
        "timestamp": "2025-10-17T16:00:00Z",
        "temperature": 12.7,
        "pressure": 1025.9,
        "humidity": 67.2,
        "wind_speed": 2,
        "wind_direction": 41.2,
        "cloud_cover": 100,
        "precipitation_mm": 0,
        "precipitation_probability": 0,
        "symbol_code": "cloudy"
      },
      {
        "timestamp": "2025-10-17T17:00:00Z",
        "temperature": 12.2,
        "pressure": 1026,
        "humidity": 73.1,
        "wind_speed": 2,
        "wind_direction": 51.9,
        "cloud_cover": 100,
        "precipitation_mm": 0,
        "precipitation_probability": 0,
        "symbol_code": "cloudy"
      },
      {
        "timestamp": "2025-10-17T18:00:00Z",
        "temperature": 12,
        "pressure": 1026.2,
        "humidity": 75.4,
        "wind_speed": 2.3,
        "wind_direction": 80.8,
        "cloud_cover": 100,
        "precipitation_mm": 0,
        "precipitation_probability": 0,
        "symbol_code": "cloudy"
      },
      {
        "timestamp": "2025-10-17T19:00:00Z",
        "temperature": 11.7,
        "pressure": 1026.4,
        "humidity": 77.6,
        "wind_speed": 2.2,
        "wind_direction": 102.4,
        "cloud_cover": 100,
        "precipitation_mm": 0,
        "precipitation_probability": 0,
        "symbol_code": "cloudy"
      },
      {
        "timestamp": "2025-10-17T20:00:00Z",
        "temperature": 11.2,
        "pressure": 1026.7,
        "humidity": 82.8,
        "wind_speed": 1.3,
        "wind_direction": 103.5,
        "cloud_cover": 48.4,
        "precipitation_mm": 0,
        "precipitation_probability": 0,
        "symbol_code": "partlycloudy_night"
      },
      {
        "timestamp": "2025-10-17T21:00:00Z",
        "temperature": 10.8,
        "pressure": 1026.9,
        "humidity": 83.3,
        "wind_speed": 1.5,
        "wind_direction": 0.4,
        "cloud_cover": 58.6,
        "precipitation_mm": 0,
        "precipitation_probability": 0,
        "symbol_code": "partlycloudy_night"
      },
      {
        "timestamp": "2025-10-17T22:00:00Z",
        "temperature": 10.3,
        "pressure": 1026.9,
        "humidity": 86.3,
        "wind_speed": 1.9,
        "wind_direction": 37.1,
        "cloud_cover": 51.6,
        "precipitation_mm": 0,
        "precipitation_probability": 0,
        "symbol_code": "partlycloudy_night"
      },
      {
        "timestamp": "2025-10-17T23:00:00Z",
        "temperature": 10,
        "pressure": 1026.7,
        "humidity": 86.8,
        "wind_speed": 2,
        "wind_direction": 60.8,
        "cloud_cover": 35.9,
        "precipitation_mm": 0,
        "precipitation_probability": 0,
        "symbol_code": "fair_night"
      },
      {
        "timestamp": "2025-10-18T00:00:00Z",
        "temperature": 9.5,
        "pressure": 1026.6,
        "humidity": 88.1,
        "wind_speed": 1.9,
        "wind_direction": 67.8,
        "cloud_cover": 11.7,
        "precipitation_mm": 0,
        "precipitation_probability": 0,
        "symbol_code": ""
      },
      {
        "timestamp": "2025-10-18T06:00:00Z",
        "temperature": 7.7,
        "pressure": 1025.4,
        "humidity": 100,
        "wind_speed": 1.3,
        "wind_direction": 73.5,
        "cloud_cover": 100,
        "precipitation_mm": 0,
        "precipitation_probability": 0,
        "symbol_code": ""
      },
      {
        "timestamp": "2025-10-18T12:00:00Z",
        "temperature": 14.3,
        "pressure": 1024.1,
        "humidity": 64,
        "wind_speed": 3.8,
        "wind_direction": 128.1,
        "cloud_cover": 100,
        "precipitation_mm": 0,
        "precipitation_probability": 0,
        "symbol_code": ""
      },
      {
        "timestamp": "2025-10-18T18:00:00Z",
        "temperature": 11.9,
        "pressure": 1020.2,
        "humidity": 73.6,
        "wind_speed": 2.8,
        "wind_direction": 105.9,
        "cloud_cover": 100,
        "precipitation_mm": 0,
        "precipitation_probability": 0,
        "symbol_code": ""
      },
      {
        "timestamp": "2025-10-19T00:00:00Z",
        "temperature": 11.8,
        "pressure": 1016.1,
        "humidity": 79.6,
        "wind_speed": 3,
        "wind_direction": 135.1,
        "cloud_cover": 100,
        "precipitation_mm": 0,
        "precipitation_probability": 0,
        "symbol_code": ""
      },
      {
        "timestamp": "2025-10-19T06:00:00Z",
        "temperature": 11.7,
        "pressure": 1010.2,
        "humidity": 85.8,
        "wind_speed": 2.8,
        "wind_direction": 130.9,
        "cloud_cover": 100,
        "precipitation_mm": 0,
        "precipitation_probability": 0,
        "symbol_code": ""
      },
      {
        "timestamp": "2025-10-19T12:00:00Z",
        "temperature": 14.5,
        "pressure": 1005.2,
        "humidity": 83.3,
        "wind_speed": 2.4,
        "wind_direction": 131,
        "cloud_cover": 100,
        "precipitation_mm": 0,
        "precipitation_probability": 0,
        "symbol_code": ""
      },
      {
        "timestamp": "2025-10-19T18:00:00Z",
        "temperature": 14.6,
        "pressure": 997.7,
        "humidity": 89.9,
        "wind_speed": 5.6,
        "wind_direction": 154.4,
        "cloud_cover": 100,
        "precipitation_mm": 0,
        "precipitation_probability": 0,
        "symbol_code": ""
      },
      {
        "timestamp": "2025-10-20T00:00:00Z",
        "temperature": 14.6,
        "pressure": 994.2,
        "humidity": 97.3,
        "wind_speed": 4.4,
        "wind_direction": 226.7,
        "cloud_cover": 100,
        "precipitation_mm": 0,
        "precipitation_probability": 0,
        "symbol_code": ""
      },
      {
        "timestamp": "2025-10-20T06:00:00Z",
        "temperature": 11.7,
        "pressure": 995.6,
        "humidity": 93.2,
        "wind_speed": 3.1,
        "wind_direction": 215.5,
        "cloud_cover": 68,
        "precipitation_mm": 0,
        "precipitation_probability": 0,
        "symbol_code": ""
      },
      {
        "timestamp": "2025-10-20T12:00:00Z",
        "temperature": 14.4,
        "pressure": 995.2,
        "humidity": 77.4,
        "wind_speed": 4.6,
        "wind_direction": 211.3,
        "cloud_cover": 100,
        "precipitation_mm": 0,
        "precipitation_probability": 0,
        "symbol_code": ""
      },
      {
        "timestamp": "2025-10-20T18:00:00Z",
        "temperature": 12.4,
        "pressure": 993.6,
        "humidity": 82.3,
        "wind_speed": 3.9,
        "wind_direction": 222,
        "cloud_cover": 99.2,
        "precipitation_mm": 0,
        "precipitation_probability": 0,
        "symbol_code": ""
      },
      {
        "timestamp": "2025-10-21T00:00:00Z",
        "temperature": 10.4,
        "pressure": 995.5,
        "humidity": 91.2,
        "wind_speed": 3.2,
        "wind_direction": 230.3,
        "cloud_cover": 22.7,
        "precipitation_mm": 0,
        "precipitation_probability": 0,
        "symbol_code": ""
      },
      {
        "timestamp": "2025-10-21T06:00:00Z",
        "temperature": 10.8,
        "pressure": 995.9,
        "humidity": 89.7,
        "wind_speed": 3.4,
        "wind_direction": 226.8,
        "cloud_cover": 100,
        "precipitation_mm": 0,
        "precipitation_probability": 0,
        "symbol_code": ""
      },
      {
        "timestamp": "2025-10-21T12:00:00Z",
        "temperature": 15.2,
        "pressure": 996.7,
        "humidity": 68.9,
        "wind_speed": 4.6,
        "wind_direction": 234.2,
        "cloud_cover": 99.2,
        "precipitation_mm": 0,
        "precipitation_probability": 0,
        "symbol_code": ""
      },
      {
        "timestamp": "2025-10-21T18:00:00Z",
        "temperature": 12.9,
        "pressure": 996.5,
        "humidity": 79.8,
        "wind_speed": 2.5,
        "wind_direction": 226.1,
        "cloud_cover": 41.4,
        "precipitation_mm": 0,
        "precipitation_probability": 0,
        "symbol_code": ""
      },
      {
        "timestamp": "2025-10-22T00:00:00Z",
        "temperature": 9.9,
        "pressure": 998.6,
        "humidity": 93.3,
        "wind_speed": 3,
        "wind_direction": 247,
        "cloud_cover": 1.6,
        "precipitation_mm": 0,
        "precipitation_probability": 0,
        "symbol_code": ""
      },
      {
        "timestamp": "2025-10-22T06:00:00Z",
        "temperature": 8,
        "pressure": 1001.5,
        "humidity": 95.4,
        "wind_speed": 2.1,
        "wind_direction": 246.5,
        "cloud_cover": 0,
        "precipitation_mm": 0,
        "precipitation_probability": 0,
        "symbol_code": ""
      },
      {
        "timestamp": "2025-10-22T12:00:00Z",
        "temperature": 13.2,
        "pressure": 1004.5,
        "humidity": 74.8,
        "wind_speed": 1.9,
        "wind_direction": 236.9,
        "cloud_cover": 3.1,
        "precipitation_mm": 0,
        "precipitation_probability": 0,
        "symbol_code": ""
      },
      {
        "timestamp": "2025-10-22T18:00:00Z",
        "temperature": 12,
        "pressure": 1004,
        "humidity": 81,
        "wind_speed": 2.3,
        "wind_direction": 185.6,
        "cloud_cover": 71.1,
        "precipitation_mm": 0,
        "precipitation_probability": 0,
        "symbol_code": ""
      },
      {
        "timestamp": "2025-10-23T00:00:00Z",
        "temperature": 12.6,
        "pressure": 1000.9,
        "humidity": 84.7,
        "wind_speed": 3.3,
        "wind_direction": 140.3,
        "cloud_cover": 100,
        "precipitation_mm": 0,
        "precipitation_probability": 0,
        "symbol_code": ""
      },
      {
        "timestamp": "2025-10-23T06:00:00Z",
        "temperature": 15.4,
        "pressure": 997.2,
        "humidity": 93,
        "wind_speed": 4.7,
        "wind_direction": 200.3,
        "cloud_cover": 100,
        "precipitation_mm": 0,
        "precipitation_probability": 0,
        "symbol_code": ""
      },
      {
        "timestamp": "2025-10-23T12:00:00Z",
        "temperature": 16.8,
        "pressure": 993.4,
        "humidity": 88.4,
        "wind_speed": 5.9,
        "wind_direction": 179.6,
        "cloud_cover": 100,
        "precipitation_mm": 0,
        "precipitation_probability": 0,
        "symbol_code": ""
      },
      {
        "timestamp": "2025-10-23T18:00:00Z",
        "temperature": 15.1,
        "pressure": 989.9,
        "humidity": 89.1,
        "wind_speed": 5.5,
        "wind_direction": 212.1,
        "cloud_cover": 100,
        "precipitation_mm": 0,
        "precipitation_probability": 0,
        "symbol_code": ""
      },
      {
        "timestamp": "2025-10-24T00:00:00Z",
        "temperature": 13.3,
        "pressure": 994.1,
        "humidity": 78.3,
        "wind_speed": 6.6,
        "wind_direction": 247.7,
        "cloud_cover": 24.2,
        "precipitation_mm": 0,
        "precipitation_probability": 0,
        "symbol_code": ""
      },
      {
        "timestamp": "2025-10-24T06:00:00Z",
        "temperature": 10.5,
        "pressure": 1001.1,
        "humidity": 81.1,
        "wind_speed": 4.5,
        "wind_direction": 245.9,
        "cloud_cover": 34.4,
        "precipitation_mm": 0,
        "precipitation_probability": 0,
        "symbol_code": ""
      },
      {
        "timestamp": "2025-10-24T12:00:00Z",
        "temperature": 13.9,
        "pressure": 1005.9,
        "humidity": 62.7,
        "wind_speed": 4.9,
        "wind_direction": 239.5,
        "cloud_cover": 95.3,
        "precipitation_mm": 0,
        "precipitation_probability": 0,
        "symbol_code": ""
      },
      {
        "timestamp": "2025-10-24T18:00:00Z",
        "temperature": 12.3,
        "pressure": 1007.8,
        "humidity": 72.1,
        "wind_speed": 3.9,
        "wind_direction": 222.9,
        "cloud_cover": 1.6,
        "precipitation_mm": 0,
        "precipitation_probability": 0,
        "symbol_code": ""
      },
      {
        "timestamp": "2025-10-25T00:00:00Z",
        "temperature": 12.2,
        "pressure": 1007.8,
        "humidity": 83.4,
        "wind_speed": 3.6,
        "wind_direction": 201.5,
        "cloud_cover": 67.2,
        "precipitation_mm": 0,
        "precipitation_probability": 0,
        "symbol_code": ""
      }
    ],
    "success": true
  }
]